{
	"db4":{
		"ld": [-0.0105974017849973,0.0328830116669829,0.0308413818359870,-0.187034811718881,-0.0279837694169839,0.630880767929590,0.714846570552542,0.230377813308855],
		"hd": [-0.230377813308855,0.714846570552542,-0.630880767929590,-0.0279837694169839,0.187034811718881,0.0308413818359870,-0.0328830116669829,-0.0105974017849973],
		"lr": [0.230377813308855,0.714846570552542,0.630880767929590,-0.0279837694169839,-0.187034811718881,0.0308413818359870,0.0328830116669829,-0.0105974017849973],
		"hr": [-0.0105974017849973,-0.0328830116669829,0.0308413818359870,0.187034811718881,-0.0279837694169839,-0.630880767929590,0.714846570552542,-0.230377813308855]
	},
	"12":{
		"ld":[1,1,1],
		"hd":[1,1,1],
		"lr":[1,1,1],
		"hr":[1,1,1]
	}
}
